INSERT INTO matter_users ("id", "email", "name", "picture", "created_at", "updated_at") VALUES ('ab164067-5e05-4268-a6fc-853f129508f1', 'james@checkbox.ai', 'James', 'https://cdn.jsdelivr.net/gh/faker-js/assets-person-portrait/male/512/46.jpg', '2025-09-29 13:43:58.413173', '2025-09-29 13:43:58.413173'), ('ebc50bed-20e1-4e30-9be3-48e7d834b3d6', 'jeffdevslife@gmail.com', 'Jeff', 'https://cdn.jsdelivr.net/gh/faker-js/assets-person-portrait/male/512/68.jpg', '2025-09-29 13:43:58.413173', '2025-09-29 13:43:58.413173'), ('f8401054-d7a8-45bc-95af-dc48cf20b406', 'yunliu.mok@checkbox.ai', 'Mok', 'https://cdn.jsdelivr.net/gh/faker-js/assets-person-portrait/male/512/37.jpg', '2025-09-29 13:43:58.413173', '2025-09-29 13:43:58.413173');

INSERT INTO contracts ("id", "requester_id", "assignee_id", "title", "description", "status", "rank", "version", "created_at", "updated_at") VALUES ('contract-1', 'f8401054-d7a8-45bc-95af-dc48cf20b406', 'ebc50bed-20e1-4e30-9be3-48e7d834b3d6', '1 Malaysia program service agreement', '1 Malaysia Service agreement testing description', 'In Review', null, '0', '2025-09-29 14:32:30.678217', '2025-09-21 13:00:00'), ('contract-2', 'f8401054-d7a8-45bc-95af-dc48cf20b406', 'ebc50bed-20e1-4e30-9be3-48e7d834b3d6', 'Service Agreement with Vendor Slack', 'This is the test description for the service agreement with vendor Slack', 'Draft', null, '0', '2025-09-29 14:34:10.972868', '2025-09-29 14:34:10.972868'), ('contract-3', 'f8401054-d7a8-45bc-95af-dc48cf20b406', 'ebc50bed-20e1-4e30-9be3-48e7d834b3d6', 'Google legal assessment', 'This is the test description for the service agreement with vendor Google', 'Done', null, '0', '2025-09-30 00:51:50.871851', '2025-09-29 18:00:00'), ('contract-4', 'f8401054-d7a8-45bc-95af-dc48cf20b406', 'ebc50bed-20e1-4e30-9be3-48e7d834b3d6', 'Apple legal assessment', 'This is the test description for the service agreement with vendor Apple', 'Draft', null, '0', '2025-09-30 01:35:57.451122', '2025-09-30 01:35:57.451122');

INSERT INTO contract_status_history ("id", "contract_id", "status", "changed_at") VALUES ('22cd563a-0624-4dc8-960b-d76aeb285cac', 'contract-4', 'Draft', '2025-09-25 13:34:56'), ('fb5fed9b-9903-4941-be63-3432d604a9bd', 'contract-3', 'Draft', '2025-09-28 13:34:56'), ('f326e44b-19f9-4694-bc14-288d11c1b9bb', 'contract-3', 'In Review', '2025-09-29 13:00:00'), ('f127317f-0473-4fb7-903a-0d1825e77e53', 'contract-3', 'Done', '2025-09-29 18:00:00'), ('0191b988-3d5b-4e6c-9378-f79f1cb5ecd7', 'contract-2', 'Draft', '2025-09-20 14:34:10.972868'), ('4edc8fe9-53e7-4a5d-b982-3a7754cb74a6', 'contract-1', 'Draft', '2025-09-20 14:32:30.678217'), ('2b72c63f-a8ac-4f31-b2b3-4ef82a82165e', 'contract-1', 'In Review', '2025-09-21 13:00:00');

INSERT INTO contract_documents ("id", "contract_id", "document_id", "file_name", "file_url", "created_at") VALUES ('fd9d77de-d7bb-4583-910b-9c2bb479f0bc', 'contract-4', 'b1', 'agreement-v1.pdf', 'https://example.com/contracts/b1', '2025-09-30 01:35:57.451122'), ('454b77ea-8862-470f-96d4-2cc65b98f2ba', 'contract-4', 'a1', 'contract-v1.pdf', 'https://example.com/contracts/a1', '2025-09-30 01:35:57.451122'), ('32064316-e933-458b-9afd-fdf7c623e9cc', 'contract-3', 'a1', 'contract-v1.pdf', 'https://example.com/contracts/a1', '2025-09-30 00:51:50.871851'), ('c8b955b7-d8c2-49be-b988-dc413f7c1343', 'contract-2', 'a1', 'contract-v1.pdf', 'https://example.com/contracts/a1', '2025-09-29 14:34:10.972868'), ('618acb38-c44c-40d6-a3b8-7fa597c1e41e', 'contract-1', 'a1', 'contract-v1.pdf', 'https://example.com/contracts/a1', '2025-09-29 14:32:30.678217'), ('426e651a-4e74-46e2-9d6e-8b349ba81b33', 'contract-1', 'c1', 'chat.txt', 'https://example.com/contracts/c1', '2025-09-29 14:32:30.678217'), ('7c2afa19-0766-45ce-bb16-bbea2ff036ca', 'contract-1', 'b1', 'agreement.png', 'https://example.com/contracts/b1', '2025-09-29 14:32:30.678217');

INSERT INTO contract_comments ("id", "contract_id", "author_id", "message", "created_at", "updated_at") VALUES ('f9988dc0-5228-4f73-8b59-93af60ef3ddd', 'contract-1', 'ebc50bed-20e1-4e30-9be3-48e7d834b3d6', 'Initial draft created', '2025-09-21 14:32:30.678217', '2025-09-21 14:32:30.678217'), ('ea1cf842-4bb9-4661-b014-b183772d3899', 'contract-1', 'f8401054-d7a8-45bc-95af-dc48cf20b406', 'Reviewed and added feedback', '2025-09-22 09:12:00', '2025-09-22 09:12:00'), ('fa3385e0-6f50-4887-8f1b-dd24f6176ac2', 'contract-2', 'ebc50bed-20e1-4e30-9be3-48e7d834b3d6', 'Start to prepare document', '2025-09-29 14:34:10.972868', '2025-09-29 14:34:10.972868'), ('f1258b1e-a47e-4641-a370-6b01e20aac1e', 'contract-3', 'ebc50bed-20e1-4e30-9be3-48e7d834b3d6', 'Start to prepare document', '2025-09-20 12:35:00', '2025-09-30 00:51:50.871851'), ('69af689a-9aec-4df6-962e-fcffd9420138', 'contract-4', 'ebc50bed-20e1-4e30-9be3-48e7d834b3d6', 'Start to prepare document', '2025-09-20 12:35:00', '2025-09-30 01:35:57.451122');

INSERT INTO webhook_events ("id", "event_id", "event_type", "payload", "created_at") VALUES ('143fd539-c2c9-46a3-a622-ba08ae4b68fa', '14d2e391-d565-427e-991a-f1b61cbc0fdd', 'contract.status_updated', '{"event": "contract.status_updated", "status": "In Review", "eventId": "14d2e391-d565-427e-991a-f1b61cbc0fdd", "updatedAt": "2025-09-29T13:00:00Z", "contractId": "contract-3"}', '2025-09-30 00:52:28.796432'), ('1a85110d-67d8-4e05-a0e1-04e39d4c21a5', 'ff58b1f3-8255-4e0e-8ee1-46ed9dc9db61', 'contract.created', '{"event": "contract.created", "eventId": "ff58b1f3-8255-4e0e-8ee1-46ed9dc9db61", "contract": {"id": "contract-1", "title": "1 Malaysia program service agreement", "users": [{"id": "f8401054-d7a8-45bc-95af-dc48cf20b406", "name": "Mok", "role": "Requester"}, {"id": "ebc50bed-20e1-4e30-9be3-48e7d834b3d6", "name": "Jeff", "role": "Assignee"}], "status": "Draft", "comments": [{"id": "cm-1", "author": "ebc50bed-20e1-4e30-9be3-48e7d834b3d6", "message": "Initial draft created", "createdAt": "2025-09-20T12:35:00Z"}], "createdAt": "2025-09-21T12:34:56Z", "documents": [{"id": "a1", "url": "https://example.com/contracts/a1", "name": "contract-v1.pdf"}, {"id": "b1", "url": "https://example.com/contracts/b1", "name": "agreement.png"}, {"id": "c1", "url": "https://example.com/contracts/c1", "name": "chat.txt"}], "description": "1 Malaysia Service agreement testing description"}}', '2025-09-29 14:32:30.678217'), ('363d25d9-a22e-4b6b-abb2-1dca2a591c42', '5d745ec4-006d-4b89-bdfe-cf5ec4733c12', 'contract.status_updated', '{"event": "contract.status_updated", "status": "Done", "eventId": "5d745ec4-006d-4b89-bdfe-cf5ec4733c12", "updatedAt": "2025-09-29T18:00:00Z", "contractId": "contract-3"}', '2025-09-30 00:53:16.013804'), ('4ceb3d13-47b0-46c0-9cb7-1d5c72d854d4', 'ead77f2e-dcde-4538-ab27-cf2baeffa05b', 'contract.comment_added', '{"event": "contract.comment_added", "comment": {"id": "cm2", "author": "f8401054-d7a8-45bc-95af-dc48cf20b406", "message": "Reviewed and added feedback", "createdAt": "2025-09-22T09:12:00Z"}, "eventId": "ead77f2e-dcde-4538-ab27-cf2baeffa05b", "contractId": "contract-1"}', '2025-09-29 14:41:33.144239'), ('74396d71-9df8-4d9b-af8e-d31a91d29790', '2fd51665-4f70-4bd0-8964-a81f8d9c3cf5', 'contract.created', '{"event": "contract.created", "eventId": "2fd51665-4f70-4bd0-8964-a81f8d9c3cf5", "contract": {"id": "contract-2", "title": "Service Agreement with Vendor Slack", "users": [{"id": "f8401054-d7a8-45bc-95af-dc48cf20b406", "name": "Mok", "role": "Requester"}, {"id": "ebc50bed-20e1-4e30-9be3-48e7d834b3d6", "name": "Jeff", "role": "Assignee"}], "status": "Draft", "comments": [{"id": "cm-2", "author": "ebc50bed-20e1-4e30-9be3-48e7d834b3d6", "message": "Start to prepare document", "createdAt": "2025-09-20T12:35:00Z"}], "createdAt": "2025-09-21T13:34:56Z", "documents": [{"id": "a1", "url": "https://example.com/contracts/a1", "name": "contract-v1.pdf"}], "description": "This is the test description for the service agreement with vendor Slack"}}', '2025-09-29 14:34:10.972868'), ('7c84ccdc-23bf-4556-8a0f-1331abf7feab', '90600883-374a-497e-b38c-d78c4ad56f1f', 'contract.created', '{"event": "contract.created", "eventId": "90600883-374a-497e-b38c-d78c4ad56f1f", "contract": {"id": "contract-4", "title": "Apple legal assessment", "users": [{"id": "f8401054-d7a8-45bc-95af-dc48cf20b406", "name": "Mok", "role": "Requester"}, {"id": "ebc50bed-20e1-4e30-9be3-48e7d834b3d6", "name": "Jeff", "role": "Assignee"}], "status": "Draft", "comments": [{"id": "cm-2", "author": "ebc50bed-20e1-4e30-9be3-48e7d834b3d6", "message": "Start to prepare document", "createdAt": "2025-09-20T12:35:00Z"}], "createdAt": "2025-09-25T13:34:56Z", "documents": [{"id": "a1", "url": "https://example.com/contracts/a1", "name": "contract-v1.pdf"}, {"id": "b1", "url": "https://example.com/contracts/b1", "name": "agreement-v1.pdf"}], "description": "This is the test description for the service agreement with vendor Apple"}}', '2025-09-30 01:35:57.451122'), ('88602bc3-1e8b-4af1-a843-4087fd4fff83', '02929d3c-82d2-41a1-ba90-c1fecff77eba', 'contract.created', '{"event": "contract.created", "eventId": "02929d3c-82d2-41a1-ba90-c1fecff77eba", "contract": {"id": "contract-3", "title": "Google legal assessment", "users": [{"id": "f8401054-d7a8-45bc-95af-dc48cf20b406", "name": "Mok", "role": "Requester"}, {"id": "ebc50bed-20e1-4e30-9be3-48e7d834b3d6", "name": "Jeff", "role": "Assignee"}], "status": "Draft", "comments": [{"id": "cm-2", "author": "ebc50bed-20e1-4e30-9be3-48e7d834b3d6", "message": "Start to prepare document", "createdAt": "2025-09-20T12:35:00Z"}], "createdAt": "2025-09-28T13:34:56Z", "documents": [{"id": "a1", "url": "https://example.com/contracts/a1", "name": "contract-v1.pdf"}], "description": "This is the test description for the service agreement with vendor Google"}}', '2025-09-30 00:51:50.871851'), ('c4efeebc-54dd-446c-b436-32b56487e857', '7d9201c0-5025-479f-9bd5-1c6d93190bb8', 'contract.status_updated', '{"event": "contract.status_updated", "status": "In Review", "eventId": "7d9201c0-5025-479f-9bd5-1c6d93190bb8", "updatedAt": "2025-09-21T13:00:00Z", "contractId": "contract-1"}', '2025-09-29 14:36:43.770367');